,Source Node,Count
0,Chirag,6
1,Zeeshan,6
2,Neelofar,6
3,Kanav,6
4,Nirvi,5
5,Bhamini,5
6,Stuvan,4
7,Tejas,4
8,Prerak,4
9,Gokul,4
10,Alia,4
11,Yakshit,4
12,Kavya,4
13,Indranil,4
14,Dharmajan,4
15,Shlok,4
16,Advika,4
17,Shalv,4
18,Nayantara,4
19,Siya,4
20,Taran,4
21,Misha,4
22,Vedika,4
23,Prisha,3
24,Shaan,3
25,Vardaniya,3
26,Mamooty,3
27,Aarna,3
28,Uthkarsh,3
29,Lagan,3
30,Nakul,3
31,Drishya,3
32,Khushi,3
33,Alisha,3
34,Amani,3
35,Eshani,3
36,Ranbir,3
37,Gatik,3
38,Madhav,3
39,Piya,3
40,Anahi,3
41,Taimur,3
42,Miraan,3
43,Azad,3
44,Aayush,3
45,Ira,3
46,Abram,2
47,Hunar,2
48,Pranay,2
49,Rati,2
50,Anya,2
51,Krish,2
52,Tushar,2
53,Vanya,2
54,Aaina,2
55,Aniruddh,2
56,Pihu,2
57,Sana,2
58,Kaira,2
59,Manikya,2
60,Zoya,2
61,Hiran,2
62,Tara,2
63,Hansh,2
64,Ojas,2
65,Keya,2
66,Fateh,2
67,Lakshit,2
68,Romil,2
69,Damini,2
70,Yuvraj ,2
71,Rohan,2
72,Faiyaz,2
73,Yashvi,2
74,Anika,2
75,Elakshi,2
76,Nitara,2
77,Heer,2
78,Rasha,2
79,Kiaan,2
80,Sahil,2
81,Vritika,2
82,Nitya,2
83,Samiha,2
84,Trisha,2
85,Jivin,2
86,Mohanlal,2
87,Purab,2
88,Hazel,2
89,Indrans,1
90,Zain,1
91,Anay,1
92,Aaryahi,1
93,Sara,1
94,Ayesha,1
95,Aarush,1
96,Vivaan,1
97,Mahika,1
98,Nishith,1
99,Aarav,1
100,Saira,1
101,Riaan,1
102,Badal,1
103,Akarsh,1
104,Urvi,1
105,Saksham,1
106,Suhana,1
107,Bhavin,1
108,Madhup,1
109,Dhanuk,1
110,Kartik,1
111,Navya,1
112,Eva,1
113,Kimaya,1
114,Nehmat,1
115,Raghav,1
116,Dhanush,1
117,Divij,1
118,Kiara,1
119,Anvi,1
120,Armaan,1
121,Mannat,1
122,Saanvi,1
123,Zara,1
124,Tanya,1
125,Miraya,1
126,Ishita,1
127,Advik,1
128,Divit,1
129,Lavanya,1
130,Yasmin,1
131,Charvi,1
132,Biju,1
133,Jivika,1
134,Veer,1
135,Dhruv,1
136,Rhea,1
137,Shamik,1
138,Sumer,1
139,Anaya,1
140,Darshit,1
141,Kashvi,1
142,Onkar,1
143,Anahita,1
144,Indrajit,1
145,Adira,1
146,Ahana ,1
147,Hridaan,1
148,Pari,1
149,Arnav,1
150,Shray,1
151,Adah,1
152,Shayak,1
153,Devansh,1
154,Reyansh,1
155,Baiju,1
156,Zaina,1
157,Amira,1
